{
  "compileType": "miniprogram",
  "libVersion": "3.7.7",
  "packOptions": {
    "ignore": [],
    "include": []
  },
  "miniprogramRoot": "",
  "setting": {
    "coverView": true,
    "es6": true,
    "postcss": true,
    "minified": true,
    "enhance": true,
    "showShadowRootInWxmlPanel": true,
    "packNpmRelationList": [
      {
        "packageJsonPath": "./package.json",
        "miniprogramNpmDistDir": "./"
      }
    ],
    "babelSetting": {
      "ignore": [],
      "disablePlugins": [],
      "outputPath": ""
    },
    "compileWorklet": false,
    "uglifyFileName": false,
    "uploadWithSourceMap": true,
    "packNpmManually": false,
    "minifyWXSS": true,
    "minifyWXML": true,
    "localPlugins": false,
    "condition": false,
    "swc": false,
    "disableSWC": true,
    "disableUseStrict": false,
    "useCompilerPlugins": false
  },
  "condition": {},
  "editorSetting": {
    "tabIndent": "auto",
    "tabSize": 2
  },
  "appid": "wx5752d830880567f9",
  "simulatorPluginLibVersion": {}
}